id,creation_time,property1,property2,property3,property4,property5,details,psynet_version,deployment_id,deposited,inherited,inherited_from,module_id,local_key,key_within_module,key_within_experiment,export_path,parent,participant_id,trial_id,node_id,network_id,description,personal,content_id,host_path,url,is_folder,data_type,extension,storage,node_definition,type,vars,input_path,obfuscate,md5_contents,size_mb,deposit_time_sec,used_cache,secret,function,arguments,computation_time_sec,s3_bucket,s3_key
4,2023-11-29 16:20:45.310918,,,,,,{},10.4.0,melody_preferences__mode=live__launch=2023-11-29--16-20-45,t,f,,antiphase_headphone_test,stimulus,nodes/node_4__stimulus,antiphase_headphone_test/nodes/node_4__stimulus,antiphase_headphone_test/nodes/node_4__stimulus.wav,"{""py/object"": ""psynet.trial.Node"", ""identifiers"": {""id"": 4}}",,,4,4,,f,https://s3.amazonaws.com/headphone-check/antiphase/antiphase_HC_SIO.wav,,https://s3.amazonaws.com/headphone-check/antiphase/antiphase_HC_SIO.wav,f,,.wav,"{""py/object"": ""psynet.asset.WebStorage""}","{""label"": ""antiphase_HC_SIO"", ""correct_answer"": ""1""}",ExternalAsset,{},,,,,,,,,,,,
1,2023-11-29 16:20:45.310898,,,,,,{},10.4.0,melody_preferences__mode=live__launch=2023-11-29--16-20-45,t,f,,antiphase_headphone_test,stimulus,nodes/node_1__stimulus,antiphase_headphone_test/nodes/node_1__stimulus,antiphase_headphone_test/nodes/node_1__stimulus.wav,"{""py/object"": ""psynet.trial.Node"", ""identifiers"": {""id"": 1}}",,,1,1,,f,https://s3.amazonaws.com/headphone-check/antiphase/antiphase_HC_ISO.wav,,https://s3.amazonaws.com/headphone-check/antiphase/antiphase_HC_ISO.wav,f,,.wav,"{""py/object"": ""psynet.asset.WebStorage""}","{""label"": ""antiphase_HC_ISO"", ""correct_answer"": ""2""}",ExternalAsset,{},,,,,,,,,,,,
7,2023-11-29 16:20:45.589538,,,,,,{},10.4.0,melody_preferences__mode=live__launch=2023-11-29--16-20-45,t,f,,volume_calibration,,volume_calibration_audio,volume_calibration/volume_calibration_audio,volume_calibration/volume_calibration_audio.wav,,,,,,,f,a90fa3f02d7ff22cc88bd3182954cfd2,cached/volume_calibration/volume_calibration_audio/a90fa3f02d7ff22cc88bd3182954cfd2.wav,https://s3.amazonaws.com/psynet-tests/static-audio/cached/volume_calibration/volume_calibration_audio/a90fa3f02d7ff22cc88bd3182954cfd2.wav,f,,.wav,"{""py/object"": ""psynet.asset.S3Storage"", ""s3_bucket"": ""psynet-tests"", ""root"": ""static-audio"", ""backend"": {""py/object"": ""psynet.asset.S3Boto3TransferBackend"", ""s3_bucket"": ""psynet-tests""}}",,CachedAsset,{},/Users/manu/Documents/cap/PROJECTS/psynet10/psynet/resources/audio/brown_noise.wav,1,,,,t,,,,,,
3,2023-11-29 16:20:45.310913,,,,,,{},10.4.0,melody_preferences__mode=live__launch=2023-11-29--16-20-45,t,f,,antiphase_headphone_test,stimulus,nodes/node_3__stimulus,antiphase_headphone_test/nodes/node_3__stimulus,antiphase_headphone_test/nodes/node_3__stimulus.wav,"{""py/object"": ""psynet.trial.Node"", ""identifiers"": {""id"": 3}}",,,3,3,,f,https://s3.amazonaws.com/headphone-check/antiphase/antiphase_HC_SOI.wav,,https://s3.amazonaws.com/headphone-check/antiphase/antiphase_HC_SOI.wav,f,,.wav,"{""py/object"": ""psynet.asset.WebStorage""}","{""label"": ""antiphase_HC_SOI"", ""correct_answer"": ""1""}",ExternalAsset,{},,,,,,,,,,,,
2,2023-11-29 16:20:45.310909,,,,,,{},10.4.0,melody_preferences__mode=live__launch=2023-11-29--16-20-45,t,f,,antiphase_headphone_test,stimulus,nodes/node_2__stimulus,antiphase_headphone_test/nodes/node_2__stimulus,antiphase_headphone_test/nodes/node_2__stimulus.wav,"{""py/object"": ""psynet.trial.Node"", ""identifiers"": {""id"": 2}}",,,2,2,,f,https://s3.amazonaws.com/headphone-check/antiphase/antiphase_HC_IOS.wav,,https://s3.amazonaws.com/headphone-check/antiphase/antiphase_HC_IOS.wav,f,,.wav,"{""py/object"": ""psynet.asset.WebStorage""}","{""label"": ""antiphase_HC_IOS"", ""correct_answer"": ""3""}",ExternalAsset,{},,,,,,,,,,,,
5,2023-11-29 16:20:45.310923,,,,,,{},10.4.0,melody_preferences__mode=live__launch=2023-11-29--16-20-45,t,f,,antiphase_headphone_test,stimulus,nodes/node_5__stimulus,antiphase_headphone_test/nodes/node_5__stimulus,antiphase_headphone_test/nodes/node_5__stimulus.wav,"{""py/object"": ""psynet.trial.Node"", ""identifiers"": {""id"": 5}}",,,5,5,,f,https://s3.amazonaws.com/headphone-check/antiphase/antiphase_HC_OSI.wav,,https://s3.amazonaws.com/headphone-check/antiphase/antiphase_HC_OSI.wav,f,,.wav,"{""py/object"": ""psynet.asset.WebStorage""}","{""label"": ""antiphase_HC_OSI"", ""correct_answer"": ""2""}",ExternalAsset,{},,,,,,,,,,,,
6,2023-11-29 16:20:45.310927,,,,,,{},10.4.0,melody_preferences__mode=live__launch=2023-11-29--16-20-45,t,f,,antiphase_headphone_test,stimulus,nodes/node_6__stimulus,antiphase_headphone_test/nodes/node_6__stimulus,antiphase_headphone_test/nodes/node_6__stimulus.wav,"{""py/object"": ""psynet.trial.Node"", ""identifiers"": {""id"": 6}}",,,6,6,,f,https://s3.amazonaws.com/headphone-check/antiphase/antiphase_HC_OIS.wav,,https://s3.amazonaws.com/headphone-check/antiphase/antiphase_HC_OIS.wav,f,,.wav,"{""py/object"": ""psynet.asset.WebStorage""}","{""label"": ""antiphase_HC_OIS"", ""correct_answer"": ""3""}",ExternalAsset,{},,,,,,,,,,,,
