id,creation_time,property1,property2,property3,property4,property5,failed,failed_reason,time_of_death,details,type,max_size,full,role,trial_maker_id,module_id,target_n_trials,participant_group,participant_id,id_within_participant,vars,chain_type,head_id,trials_per_node,definition,block
1,2023-11-29 16:20:45.291524,,,,,,f,,,{},StaticNetwork,1,f,default,antiphase_headphone_test,antiphase_headphone_test,1000000,default,,,{},across,1,1000000,{},default
2,2023-11-29 16:20:45.291538,,,,,,f,,,{},StaticNetwork,1,f,default,antiphase_headphone_test,antiphase_headphone_test,1000000,default,,,{},across,2,1000000,{},default
3,2023-11-29 16:20:45.291543,,,,,,f,,,{},StaticNetwork,1,f,default,antiphase_headphone_test,antiphase_headphone_test,1000000,default,,,{},across,3,1000000,{},default
4,2023-11-29 16:20:45.291548,,,,,,f,,,{},StaticNetwork,1,f,default,antiphase_headphone_test,antiphase_headphone_test,1000000,default,,,{},across,4,1000000,{},default
5,2023-11-29 16:20:45.291553,,,,,,f,,,{},StaticNetwork,1,f,default,antiphase_headphone_test,antiphase_headphone_test,1000000,default,,,{},across,5,1000000,{},default
6,2023-11-29 16:20:45.291558,,,,,,f,,,{},StaticNetwork,1,f,default,antiphase_headphone_test,antiphase_headphone_test,1000000,default,,,{},across,6,1000000,{},default
7,2023-11-29 16:20:45.54505,,,,,,f,,,{},StaticNetwork,1,f,default,audio_experiment,audio_experiment,1000000,default,,,{},across,7,1000000,{},default
8,2023-11-29 16:20:45.545063,,,,,,f,,,{},StaticNetwork,1,f,default,audio_experiment,audio_experiment,1000000,default,,,{},across,8,1000000,{},default
9,2023-11-29 16:20:45.545068,,,,,,f,,,{},StaticNetwork,1,f,default,audio_experiment,audio_experiment,1000000,default,,,{},across,9,1000000,{},default
10,2023-11-29 16:20:45.545073,,,,,,f,,,{},StaticNetwork,1,f,default,audio_experiment,audio_experiment,1000000,default,,,{},across,10,1000000,{},default
11,2023-11-29 16:20:45.545078,,,,,,f,,,{},StaticNetwork,1,f,default,audio_experiment,audio_experiment,1000000,default,,,{},across,11,1000000,{},default
12,2023-11-29 16:20:45.545083,,,,,,f,,,{},StaticNetwork,1,f,default,audio_experiment,audio_experiment,1000000,default,,,{},across,12,1000000,{},default
13,2023-11-29 16:20:45.545088,,,,,,f,,,{},StaticNetwork,1,f,default,audio_experiment,audio_experiment,1000000,default,,,{},across,13,1000000,{},default
14,2023-11-29 16:20:45.545093,,,,,,f,,,{},StaticNetwork,1,f,default,audio_experiment,audio_experiment,1000000,default,,,{},across,14,1000000,{},default
15,2023-11-29 16:20:45.545097,,,,,,f,,,{},StaticNetwork,1,f,default,audio_experiment,audio_experiment,1000000,default,,,{},across,15,1000000,{},default
16,2023-11-29 16:20:45.545102,,,,,,f,,,{},StaticNetwork,1,f,default,audio_experiment,audio_experiment,1000000,default,,,{},across,16,1000000,{},default
17,2023-11-29 16:20:45.545107,,,,,,f,,,{},StaticNetwork,1,f,default,audio_experiment,audio_experiment,1000000,default,,,{},across,17,1000000,{},default
18,2023-11-29 16:20:45.545112,,,,,,f,,,{},StaticNetwork,1,f,default,audio_experiment,audio_experiment,1000000,default,,,{},across,18,1000000,{},default
19,2023-11-29 16:20:45.545116,,,,,,f,,,{},StaticNetwork,1,f,default,audio_experiment,audio_experiment,1000000,default,,,{},across,19,1000000,{},default
20,2023-11-29 16:20:45.545121,,,,,,f,,,{},StaticNetwork,1,f,default,audio_experiment,audio_experiment,1000000,default,,,{},across,20,1000000,{},default
21,2023-11-29 16:20:45.545128,,,,,,f,,,{},StaticNetwork,1,f,default,audio_experiment,audio_experiment,1000000,default,,,{},across,21,1000000,{},default
22,2023-11-29 16:20:45.545133,,,,,,f,,,{},StaticNetwork,1,f,default,audio_experiment,audio_experiment,1000000,default,,,{},across,22,1000000,{},default
23,2023-11-29 16:20:45.545138,,,,,,f,,,{},StaticNetwork,1,f,default,audio_experiment,audio_experiment,1000000,default,,,{},across,23,1000000,{},default
24,2023-11-29 16:20:45.545143,,,,,,f,,,{},StaticNetwork,1,f,default,audio_experiment,audio_experiment,1000000,default,,,{},across,24,1000000,{},default
25,2023-11-29 16:20:45.545147,,,,,,f,,,{},StaticNetwork,1,f,default,audio_experiment,audio_experiment,1000000,default,,,{},across,25,1000000,{},default
26,2023-11-29 16:20:45.545152,,,,,,f,,,{},StaticNetwork,1,f,default,audio_experiment,audio_experiment,1000000,default,,,{},across,26,1000000,{},default
27,2023-11-29 16:20:45.545157,,,,,,f,,,{},StaticNetwork,1,f,default,audio_experiment,audio_experiment,1000000,default,,,{},across,27,1000000,{},default
28,2023-11-29 16:20:45.545162,,,,,,f,,,{},StaticNetwork,1,f,default,audio_experiment,audio_experiment,1000000,default,,,{},across,28,1000000,{},default
29,2023-11-29 16:20:45.545166,,,,,,f,,,{},StaticNetwork,1,f,default,audio_experiment,audio_experiment,1000000,default,,,{},across,29,1000000,{},default
30,2023-11-29 16:20:45.545171,,,,,,f,,,{},StaticNetwork,1,f,default,audio_experiment,audio_experiment,1000000,default,,,{},across,30,1000000,{},default
31,2023-11-29 16:20:45.545176,,,,,,f,,,{},StaticNetwork,1,f,default,audio_experiment,audio_experiment,1000000,default,,,{},across,31,1000000,{},default
32,2023-11-29 16:20:45.545181,,,,,,f,,,{},StaticNetwork,1,f,default,audio_experiment,audio_experiment,1000000,default,,,{},across,32,1000000,{},default
33,2023-11-29 16:20:45.545186,,,,,,f,,,{},StaticNetwork,1,f,default,audio_experiment,audio_experiment,1000000,default,,,{},across,33,1000000,{},default
34,2023-11-29 16:20:45.54519,,,,,,f,,,{},StaticNetwork,1,f,default,audio_experiment,audio_experiment,1000000,default,,,{},across,34,1000000,{},default
35,2023-11-29 16:20:45.545195,,,,,,f,,,{},StaticNetwork,1,f,default,audio_experiment,audio_experiment,1000000,default,,,{},across,35,1000000,{},default
36,2023-11-29 16:20:45.5452,,,,,,f,,,{},StaticNetwork,1,f,default,audio_experiment,audio_experiment,1000000,default,,,{},across,36,1000000,{},default
37,2023-11-29 16:20:45.545205,,,,,,f,,,{},StaticNetwork,1,f,default,audio_experiment,audio_experiment,1000000,default,,,{},across,37,1000000,{},default
38,2023-11-29 16:20:45.545209,,,,,,f,,,{},StaticNetwork,1,f,default,audio_experiment,audio_experiment,1000000,default,,,{},across,38,1000000,{},default
39,2023-11-29 16:20:45.545214,,,,,,f,,,{},StaticNetwork,1,f,default,audio_experiment,audio_experiment,1000000,default,,,{},across,39,1000000,{},default
40,2023-11-29 16:20:45.545219,,,,,,f,,,{},StaticNetwork,1,f,default,audio_experiment,audio_experiment,1000000,default,,,{},across,40,1000000,{},default
41,2023-11-29 16:20:45.545224,,,,,,f,,,{},StaticNetwork,1,f,default,audio_experiment,audio_experiment,1000000,default,,,{},across,41,1000000,{},default
42,2023-11-29 16:20:45.545229,,,,,,f,,,{},StaticNetwork,1,f,default,audio_experiment,audio_experiment,1000000,default,,,{},across,42,1000000,{},default
43,2023-11-29 16:20:45.545233,,,,,,f,,,{},StaticNetwork,1,f,default,audio_experiment,audio_experiment,1000000,default,,,{},across,43,1000000,{},default
44,2023-11-29 16:20:45.545238,,,,,,f,,,{},StaticNetwork,1,f,default,audio_experiment,audio_experiment,1000000,default,,,{},across,44,1000000,{},default
45,2023-11-29 16:20:45.545243,,,,,,f,,,{},StaticNetwork,1,f,default,audio_experiment,audio_experiment,1000000,default,,,{},across,45,1000000,{},default
46,2023-11-29 16:20:45.545248,,,,,,f,,,{},StaticNetwork,1,f,default,audio_experiment,audio_experiment,1000000,default,,,{},across,46,1000000,{},default
