id,creation_time,property1,property2,property3,property4,property5,failed,failed_reason,time_of_death,details,assignment_id,event_type
1,2023-11-29 15:54:26.130215,,,,,,f,,,{},65675e246f14dec95a958a2b,AssignmentSubmitted
2,2023-11-29 16:14:10.144954,,,,,,f,,,{},65675e238868f1e6db381305,AssignmentSubmitted
3,2023-11-29 16:16:55.704573,,,,,,f,,,{},65675e102843caec6b9a1be6,AssignmentSubmitted
4,2023-11-29 16:16:59.846451,,,,,,f,,,{},65675df391cbc9edd9cc1da5,AssignmentSubmitted
5,2023-11-29 16:17:41.683809,,,,,,f,,,{},65675ed8472a7fc262ee386b,AssignmentSubmitted
6,2023-11-29 16:28:11.152006,,,,,,f,,,{},65675f15c87a0ea706caf1c1,AssignmentSubmitted
7,2023-11-29 16:29:13.589356,,,,,,f,,,{},65676278d90863d281d54ffa,AssignmentSubmitted
8,2023-11-29 17:10:27.545308,,,,,,f,,,{},65676fe63b83e62077c2e45b,AssignmentSubmitted
9,2023-11-29 17:11:28.458574,,,,,,f,,,{},65676fe7ad49fea42fd673ec,AssignmentSubmitted
10,2023-11-29 17:24:18.320801,,,,,,f,,,{},65676e2111f06ade02ebb3c8,AssignmentSubmitted
11,2023-11-29 17:30:02.728909,,,,,,f,,,{},65676fe79669bdfd030f2753,AssignmentSubmitted
12,2023-11-29 17:37:10.06178,,,,,,f,,,{},65676fea4d12f4dfdcb766a0,AssignmentSubmitted
13,2023-11-29 17:39:13.237913,,,,,,f,,,{},65676febd9e477cb10f701af,AssignmentSubmitted
