id,creation_time,property1,property2,property3,property4,property5,failed,failed_reason,time_of_death,details,type,network_id,participant_id,trial_maker_id,module_id,_on_create_called,_on_deploy_called,ready_for_trials,vars,key,degree,child_id,parent_id,seed,definition,context,participant_group,block,propagate_failure
1,2023-11-29 16:20:45.366028,,,,,,f,,,{},GenericNode,1,,antiphase_headphone_test,antiphase_headphone_test,t,f,t,{},,0,,,{},"{""label"": ""antiphase_HC_ISO"", ""correct_answer"": ""2""}",,default,default,f
2,2023-11-29 16:20:45.366043,,,,,,f,,,{},GenericNode,2,,antiphase_headphone_test,antiphase_headphone_test,t,f,t,{},,0,,,{},"{""label"": ""antiphase_HC_IOS"", ""correct_answer"": ""3""}",,default,default,f
3,2023-11-29 16:20:45.36605,,,,,,f,,,{},GenericNode,3,,antiphase_headphone_test,antiphase_headphone_test,t,f,t,{},,0,,,{},"{""label"": ""antiphase_HC_SOI"", ""correct_answer"": ""1""}",,default,default,f
4,2023-11-29 16:20:45.366056,,,,,,f,,,{},GenericNode,4,,antiphase_headphone_test,antiphase_headphone_test,t,f,t,{},,0,,,{},"{""label"": ""antiphase_HC_SIO"", ""correct_answer"": ""1""}",,default,default,f
5,2023-11-29 16:20:45.366062,,,,,,f,,,{},GenericNode,5,,antiphase_headphone_test,antiphase_headphone_test,t,f,t,{},,0,,,{},"{""label"": ""antiphase_HC_OSI"", ""correct_answer"": ""2""}",,default,default,f
6,2023-11-29 16:20:45.366068,,,,,,f,,,{},GenericNode,6,,antiphase_headphone_test,antiphase_headphone_test,t,f,t,{},,0,,,{},"{""label"": ""antiphase_HC_OIS"", ""correct_answer"": ""3""}",,default,default,f
7,2023-11-29 16:20:45.563066,,,,,,f,,,{},StaticNode,7,,audio_experiment,audio_experiment,t,f,t,{},,0,,,{},"{""audio_name"": ""NHS_orig_014.wav"", ""audio_url"": ""https://manu-projects.s3.amazonaws.com/melody-preferences/NHS/original/NHS_orig_014.wav""}",,default,default,f
8,2023-11-29 16:20:45.563082,,,,,,f,,,{},StaticNode,8,,audio_experiment,audio_experiment,t,f,t,{},,0,,,{},"{""audio_name"": ""NHS_orig_028.wav"", ""audio_url"": ""https://manu-projects.s3.amazonaws.com/melody-preferences/NHS/original/NHS_orig_028.wav""}",,default,default,f
9,2023-11-29 16:20:45.563088,,,,,,f,,,{},StaticNode,9,,audio_experiment,audio_experiment,t,f,t,{},,0,,,{},"{""audio_name"": ""NHS_orig_038.wav"", ""audio_url"": ""https://manu-projects.s3.amazonaws.com/melody-preferences/NHS/original/NHS_orig_038.wav""}",,default,default,f
10,2023-11-29 16:20:45.563094,,,,,,f,,,{},StaticNode,10,,audio_experiment,audio_experiment,t,f,t,{},,0,,,{},"{""audio_name"": ""NHS_orig_039.wav"", ""audio_url"": ""https://manu-projects.s3.amazonaws.com/melody-preferences/NHS/original/NHS_orig_039.wav""}",,default,default,f
11,2023-11-29 16:20:45.5631,,,,,,f,,,{},StaticNode,11,,audio_experiment,audio_experiment,t,f,t,{},,0,,,{},"{""audio_name"": ""NHS_orig_075.wav"", ""audio_url"": ""https://manu-projects.s3.amazonaws.com/melody-preferences/NHS/original/NHS_orig_075.wav""}",,default,default,f
12,2023-11-29 16:20:45.563106,,,,,,f,,,{},StaticNode,12,,audio_experiment,audio_experiment,t,f,t,{},,0,,,{},"{""audio_name"": ""NHS_orig_101.wav"", ""audio_url"": ""https://manu-projects.s3.amazonaws.com/melody-preferences/NHS/original/NHS_orig_101.wav""}",,default,default,f
13,2023-11-29 16:20:45.563112,,,,,,f,,,{},StaticNode,13,,audio_experiment,audio_experiment,t,f,t,{},,0,,,{},"{""audio_name"": ""NHS_orig_114.wav"", ""audio_url"": ""https://manu-projects.s3.amazonaws.com/melody-preferences/NHS/original/NHS_orig_114.wav""}",,default,default,f
14,2023-11-29 16:20:45.563118,,,,,,f,,,{},StaticNode,14,,audio_experiment,audio_experiment,t,f,t,{},,0,,,{},"{""audio_name"": ""NHS_orig_100.wav"", ""audio_url"": ""https://manu-projects.s3.amazonaws.com/melody-preferences/NHS/original/NHS_orig_100.wav""}",,default,default,f
15,2023-11-29 16:20:45.563124,,,,,,f,,,{},StaticNode,15,,audio_experiment,audio_experiment,t,f,t,{},,0,,,{},"{""audio_name"": ""NHS_orig_074.wav"", ""audio_url"": ""https://manu-projects.s3.amazonaws.com/melody-preferences/NHS/original/NHS_orig_074.wav""}",,default,default,f
16,2023-11-29 16:20:45.56313,,,,,,f,,,{},StaticNode,16,,audio_experiment,audio_experiment,t,f,t,{},,0,,,{},"{""audio_name"": ""NHS_orig_048.wav"", ""audio_url"": ""https://manu-projects.s3.amazonaws.com/melody-preferences/NHS/original/NHS_orig_048.wav""}",,default,default,f
17,2023-11-29 16:20:45.563136,,,,,,f,,,{},StaticNode,17,,audio_experiment,audio_experiment,t,f,t,{},,0,,,{},"{""audio_name"": ""NHS_orig_062.wav"", ""audio_url"": ""https://manu-projects.s3.amazonaws.com/melody-preferences/NHS/original/NHS_orig_062.wav""}",,default,default,f
18,2023-11-29 16:20:45.563141,,,,,,f,,,{},StaticNode,18,,audio_experiment,audio_experiment,t,f,t,{},,0,,,{},"{""audio_name"": ""NHS_orig_076.wav"", ""audio_url"": ""https://manu-projects.s3.amazonaws.com/melody-preferences/NHS/original/NHS_orig_076.wav""}",,default,default,f
19,2023-11-29 16:20:45.563147,,,,,,f,,,{},StaticNode,19,,audio_experiment,audio_experiment,t,f,t,{},,0,,,{},"{""audio_name"": ""NHS_orig_117.wav"", ""audio_url"": ""https://manu-projects.s3.amazonaws.com/melody-preferences/NHS/original/NHS_orig_117.wav""}",,default,default,f
20,2023-11-29 16:20:45.563153,,,,,,f,,,{},StaticNode,20,,audio_experiment,audio_experiment,t,f,t,{},,0,,,{},"{""audio_name"": ""NHS_orig_088.wav"", ""audio_url"": ""https://manu-projects.s3.amazonaws.com/melody-preferences/NHS/original/NHS_orig_088.wav""}",,default,default,f
21,2023-11-29 16:20:45.563159,,,,,,f,,,{},StaticNode,21,,audio_experiment,audio_experiment,t,f,t,{},,0,,,{},"{""audio_name"": ""NHS_orig_077.wav"", ""audio_url"": ""https://manu-projects.s3.amazonaws.com/melody-preferences/NHS/original/NHS_orig_077.wav""}",,default,default,f
22,2023-11-29 16:20:45.563165,,,,,,f,,,{},StaticNode,22,,audio_experiment,audio_experiment,t,f,t,{},,0,,,{},"{""audio_name"": ""NHS_orig_107.wav"", ""audio_url"": ""https://manu-projects.s3.amazonaws.com/melody-preferences/NHS/original/NHS_orig_107.wav""}",,default,default,f
23,2023-11-29 16:20:45.563171,,,,,,f,,,{},StaticNode,23,,audio_experiment,audio_experiment,t,f,t,{},,0,,,{},"{""audio_name"": ""NHS_orig_099.wav"", ""audio_url"": ""https://manu-projects.s3.amazonaws.com/melody-preferences/NHS/original/NHS_orig_099.wav""}",,default,default,f
24,2023-11-29 16:20:45.563177,,,,,,f,,,{},StaticNode,24,,audio_experiment,audio_experiment,t,f,t,{},,0,,,{},"{""audio_name"": ""NHS_orig_070.wav"", ""audio_url"": ""https://manu-projects.s3.amazonaws.com/melody-preferences/NHS/original/NHS_orig_070.wav""}",,default,default,f
25,2023-11-29 16:20:45.563183,,,,,,f,,,{},StaticNode,25,,audio_experiment,audio_experiment,t,f,t,{},,0,,,{},"{""audio_name"": ""NHS_orig_104.wav"", ""audio_url"": ""https://manu-projects.s3.amazonaws.com/melody-preferences/NHS/original/NHS_orig_104.wav""}",,default,default,f
26,2023-11-29 16:20:45.563189,,,,,,f,,,{},StaticNode,26,,audio_experiment,audio_experiment,t,f,t,{},,0,,,{},"{""audio_name"": ""NHS_orig_105.wav"", ""audio_url"": ""https://manu-projects.s3.amazonaws.com/melody-preferences/NHS/original/NHS_orig_105.wav""}",,default,default,f
27,2023-11-29 16:20:45.563195,,,,,,f,,,{},StaticNode,27,,audio_experiment,audio_experiment,t,f,t,{},,0,,,{},"{""audio_name"": ""NHS_orig_059.wav"", ""audio_url"": ""https://manu-projects.s3.amazonaws.com/melody-preferences/NHS/original/NHS_orig_059.wav""}",,default,default,f
28,2023-11-29 16:20:45.563201,,,,,,f,,,{},StaticNode,28,,audio_experiment,audio_experiment,t,f,t,{},,0,,,{},"{""audio_name"": ""NHS_orig_065.wav"", ""audio_url"": ""https://manu-projects.s3.amazonaws.com/melody-preferences/NHS/original/NHS_orig_065.wav""}",,default,default,f
29,2023-11-29 16:20:45.56321,,,,,,f,,,{},StaticNode,29,,audio_experiment,audio_experiment,t,f,t,{},,0,,,{},"{""audio_name"": ""NHS_orig_071.wav"", ""audio_url"": ""https://manu-projects.s3.amazonaws.com/melody-preferences/NHS/original/NHS_orig_071.wav""}",,default,default,f
30,2023-11-29 16:20:45.563216,,,,,,f,,,{},StaticNode,30,,audio_experiment,audio_experiment,t,f,t,{},,0,,,{},"{""audio_name"": ""NHS_orig_054.wav"", ""audio_url"": ""https://manu-projects.s3.amazonaws.com/melody-preferences/NHS/original/NHS_orig_054.wav""}",,default,default,f
31,2023-11-29 16:20:45.563222,,,,,,f,,,{},StaticNode,31,,audio_experiment,audio_experiment,t,f,t,{},,0,,,{},"{""audio_name"": ""NHS_orig_097.wav"", ""audio_url"": ""https://manu-projects.s3.amazonaws.com/melody-preferences/NHS/original/NHS_orig_097.wav""}",,default,default,f
32,2023-11-29 16:20:45.563228,,,,,,f,,,{},StaticNode,32,,audio_experiment,audio_experiment,t,f,t,{},,0,,,{},"{""audio_name"": ""NHS_orig_108.wav"", ""audio_url"": ""https://manu-projects.s3.amazonaws.com/melody-preferences/NHS/original/NHS_orig_108.wav""}",,default,default,f
33,2023-11-29 16:20:45.563234,,,,,,f,,,{},StaticNode,33,,audio_experiment,audio_experiment,t,f,t,{},,0,,,{},"{""audio_name"": ""NHS_orig_109.wav"", ""audio_url"": ""https://manu-projects.s3.amazonaws.com/melody-preferences/NHS/original/NHS_orig_109.wav""}",,default,default,f
34,2023-11-29 16:20:45.56324,,,,,,f,,,{},StaticNode,34,,audio_experiment,audio_experiment,t,f,t,{},,0,,,{},"{""audio_name"": ""NHS_orig_095.wav"", ""audio_url"": ""https://manu-projects.s3.amazonaws.com/melody-preferences/NHS/original/NHS_orig_095.wav""}",,default,default,f
35,2023-11-29 16:20:45.563246,,,,,,f,,,{},StaticNode,35,,audio_experiment,audio_experiment,t,f,t,{},,0,,,{},"{""audio_name"": ""NHS_orig_081.wav"", ""audio_url"": ""https://manu-projects.s3.amazonaws.com/melody-preferences/NHS/original/NHS_orig_081.wav""}",,default,default,f
36,2023-11-29 16:20:45.563252,,,,,,f,,,{},StaticNode,36,,audio_experiment,audio_experiment,t,f,t,{},,0,,,{},"{""audio_name"": ""NHS_orig_052.wav"", ""audio_url"": ""https://manu-projects.s3.amazonaws.com/melody-preferences/NHS/original/NHS_orig_052.wav""}",,default,default,f
37,2023-11-29 16:20:45.563259,,,,,,f,,,{},StaticNode,37,,audio_experiment,audio_experiment,t,f,t,{},,0,,,{},"{""audio_name"": ""NHS_orig_051.wav"", ""audio_url"": ""https://manu-projects.s3.amazonaws.com/melody-preferences/NHS/original/NHS_orig_051.wav""}",,default,default,f
38,2023-11-29 16:20:45.563265,,,,,,f,,,{},StaticNode,38,,audio_experiment,audio_experiment,t,f,t,{},,0,,,{},"{""audio_name"": ""NHS_orig_086.wav"", ""audio_url"": ""https://manu-projects.s3.amazonaws.com/melody-preferences/NHS/original/NHS_orig_086.wav""}",,default,default,f
39,2023-11-29 16:20:45.563271,,,,,,f,,,{},StaticNode,39,,audio_experiment,audio_experiment,t,f,t,{},,0,,,{},"{""audio_name"": ""NHS_orig_087.wav"", ""audio_url"": ""https://manu-projects.s3.amazonaws.com/melody-preferences/NHS/original/NHS_orig_087.wav""}",,default,default,f
40,2023-11-29 16:20:45.563277,,,,,,f,,,{},StaticNode,40,,audio_experiment,audio_experiment,t,f,t,{},,0,,,{},"{""audio_name"": ""NHS_orig_078.wav"", ""audio_url"": ""https://manu-projects.s3.amazonaws.com/melody-preferences/NHS/original/NHS_orig_078.wav""}",,default,default,f
41,2023-11-29 16:20:45.563283,,,,,,f,,,{},StaticNode,41,,audio_experiment,audio_experiment,t,f,t,{},,0,,,{},"{""audio_name"": ""NHS_orig_023.wav"", ""audio_url"": ""https://manu-projects.s3.amazonaws.com/melody-preferences/NHS/original/NHS_orig_023.wav""}",,default,default,f
42,2023-11-29 16:20:45.563289,,,,,,f,,,{},StaticNode,42,,audio_experiment,audio_experiment,t,f,t,{},,0,,,{},"{""audio_name"": ""NHS_orig_034.wav"", ""audio_url"": ""https://manu-projects.s3.amazonaws.com/melody-preferences/NHS/original/NHS_orig_034.wav""}",,default,default,f
43,2023-11-29 16:20:45.563295,,,,,,f,,,{},StaticNode,43,,audio_experiment,audio_experiment,t,f,t,{},,0,,,{},"{""audio_name"": ""NHS_orig_021.wav"", ""audio_url"": ""https://manu-projects.s3.amazonaws.com/melody-preferences/NHS/original/NHS_orig_021.wav""}",,default,default,f
44,2023-11-29 16:20:45.563301,,,,,,f,,,{},StaticNode,44,,audio_experiment,audio_experiment,t,f,t,{},,0,,,{},"{""audio_name"": ""NHS_orig_009.wav"", ""audio_url"": ""https://manu-projects.s3.amazonaws.com/melody-preferences/NHS/original/NHS_orig_009.wav""}",,default,default,f
45,2023-11-29 16:20:45.563307,,,,,,f,,,{},StaticNode,45,,audio_experiment,audio_experiment,t,f,t,{},,0,,,{},"{""audio_name"": ""NHS_orig_030.wav"", ""audio_url"": ""https://manu-projects.s3.amazonaws.com/melody-preferences/NHS/original/NHS_orig_030.wav""}",,default,default,f
46,2023-11-29 16:20:45.563313,,,,,,f,,,{},StaticNode,46,,audio_experiment,audio_experiment,t,f,t,{},,0,,,{},"{""audio_name"": ""NHS_orig_026.wav"", ""audio_url"": ""https://manu-projects.s3.amazonaws.com/melody-preferences/NHS/original/NHS_orig_026.wav""}",,default,default,f
